,diff_association,effect_size,pvalue
0,0.28807204961776733,1.5838050842285156,0.00029997000299970003
